volunteer_ID,name,profession,city
1000,Ali Khan,Doctor,Peshawar
1001,Junaid Ali,Mechanic,Karachi
1002,Safdar Javed,Teacher,Lahore
1003,Kamal Khan,Plumber,Peshawar
1004,Nawaz Butt,Doctor,Faisalabad
1005,Taimur Ali,Chef,Karachi
1006,Faisal Khan,Chef,Gujranwala
1007,Bashir Kamal,Doctor,Lahore
1008,Jahad Ali,Mechanic,Peshawar
1009,Shoaib Kaleem,Teacher,Karachi
1010,Hassan Javed,Doctor,Faisalabad
1011,Ali Jehangir,Mechanic,Karachi
1012,Zubair Hassan,Plumber,Faisalabad
1013,Fahad Khan,Doctor,Peshawar
1014,Bashir Nawaz,Mechanic,Gujranwala
1015,Sarmad Kamal,Teacher,Peshawar
